<?xml version="1.0" encoding="UTF-8"?>
<project-private xmlns="http://www.netbeans.org/ns/project-private/1">
    <editor-bookmarks xmlns="http://www.netbeans.org/ns/editor-bookmarks/2" lastBookmarkId="0"/>
    <open-files xmlns="http://www.netbeans.org/ns/projectui-open-files/2">
        <group>
            <file>file:/Applications/XAMPP/htdocs/outdoor-angola/repositories/OutdoorRepository.php</file>
            <file>file:/Applications/XAMPP/htdocs/outdoor-angola/view/AdminView.php</file>
            <file>file:/Applications/XAMPP/htdocs/outdoor-angola/index.php</file>
            <file>file:/Applications/XAMPP/htdocs/outdoor-angola/actions/visualizar_pdf.php</file>
            <file>file:/Applications/XAMPP/htdocs/outdoor-angola/view/UserView.php</file>
            <file>file:/Applications/XAMPP/htdocs/outdoor-angola/view/GestorView.php</file>
        </group>
    </open-files>
</project-private>
